course,hole,field,value,source_url,source_type,notes
st_pierre_old,1,par,5,https://www.marriottgolf.co.uk/scorecards,official_web_scorecard,Championship Old Course values taken from official Marriott scorecard page.
st_pierre_old,1,yards_white,574,https://www.marriottgolf.co.uk/scorecards,official_web_scorecard,Championship Old Course values taken from official Marriott scorecard page.
st_pierre_old,1,yards_yellow,554,https://www.marriottgolf.co.uk/scorecards,official_web_scorecard,Championship Old Course values taken from official Marriott scorecard page.
st_pierre_old,1,si,5,https://www.marriottgolf.co.uk/scorecards,official_web_scorecard,Championship Old Course values taken from official Marriott scorecard page.
st_pierre_old,1,image,images/st_pierre_old/course_generic.jpg,https://marriott.cdn.tambourine.com/marriott-uk-golf/media/marriott-ukgolf-stpierre-course-championship-609ad71ed866c.jpg,official_course_image,Single official course image reused across holes.
st_pierre_old,2,par,4,https://www.marriottgolf.co.uk/scorecards,official_web_scorecard,Championship Old Course values taken from official Marriott scorecard page.
st_pierre_old,2,yards_white,371,https://www.marriottgolf.co.uk/scorecards,official_web_scorecard,Championship Old Course values taken from official Marriott scorecard page.
st_pierre_old,2,yards_yellow,358,https://www.marriottgolf.co.uk/scorecards,official_web_scorecard,Championship Old Course values taken from official Marriott scorecard page.
st_pierre_old,2,si,7,https://www.marriottgolf.co.uk/scorecards,official_web_scorecard,Championship Old Course values taken from official Marriott scorecard page.
st_pierre_old,2,image,images/st_pierre_old/course_generic.jpg,https://marriott.cdn.tambourine.com/marriott-uk-golf/media/marriott-ukgolf-stpierre-course-championship-609ad71ed866c.jpg,official_course_image,Single official course image reused across holes.
st_pierre_old,3,par,3,https://www.marriottgolf.co.uk/scorecards,official_web_scorecard,Championship Old Course values taken from official Marriott scorecard page.
st_pierre_old,3,yards_white,167,https://www.marriottgolf.co.uk/scorecards,official_web_scorecard,Championship Old Course values taken from official Marriott scorecard page.
st_pierre_old,3,yards_yellow,150,https://www.marriottgolf.co.uk/scorecards,official_web_scorecard,Championship Old Course values taken from official Marriott scorecard page.
st_pierre_old,3,si,17,https://www.marriottgolf.co.uk/scorecards,official_web_scorecard,Championship Old Course values taken from official Marriott scorecard page.
st_pierre_old,3,image,images/st_pierre_old/course_generic.jpg,https://marriott.cdn.tambourine.com/marriott-uk-golf/media/marriott-ukgolf-stpierre-course-championship-609ad71ed866c.jpg,official_course_image,Single official course image reused across holes.
st_pierre_old,4,par,4,https://www.marriottgolf.co.uk/scorecards,official_web_scorecard,Championship Old Course values taken from official Marriott scorecard page.
st_pierre_old,4,yards_white,409,https://www.marriottgolf.co.uk/scorecards,official_web_scorecard,Championship Old Course values taken from official Marriott scorecard page.
st_pierre_old,4,yards_yellow,378,https://www.marriottgolf.co.uk/scorecards,official_web_scorecard,Championship Old Course values taken from official Marriott scorecard page.
st_pierre_old,4,si,3,https://www.marriottgolf.co.uk/scorecards,official_web_scorecard,Championship Old Course values taken from official Marriott scorecard page.
st_pierre_old,4,image,images/st_pierre_old/course_generic.jpg,https://marriott.cdn.tambourine.com/marriott-uk-golf/media/marriott-ukgolf-stpierre-course-championship-609ad71ed866c.jpg,official_course_image,Single official course image reused across holes.
st_pierre_old,5,par,4,https://www.marriottgolf.co.uk/scorecards,official_web_scorecard,Championship Old Course values taken from official Marriott scorecard page.
st_pierre_old,5,yards_white,370,https://www.marriottgolf.co.uk/scorecards,official_web_scorecard,Championship Old Course values taken from official Marriott scorecard page.
st_pierre_old,5,yards_yellow,359,https://www.marriottgolf.co.uk/scorecards,official_web_scorecard,Championship Old Course values taken from official Marriott scorecard page.
st_pierre_old,5,si,9,https://www.marriottgolf.co.uk/scorecards,official_web_scorecard,Championship Old Course values taken from official Marriott scorecard page.
st_pierre_old,5,image,images/st_pierre_old/course_generic.jpg,https://marriott.cdn.tambourine.com/marriott-uk-golf/media/marriott-ukgolf-stpierre-course-championship-609ad71ed866c.jpg,official_course_image,Single official course image reused across holes.
st_pierre_old,6,par,3,https://www.marriottgolf.co.uk/scorecards,official_web_scorecard,Championship Old Course values taken from official Marriott scorecard page.
st_pierre_old,6,yards_white,169,https://www.marriottgolf.co.uk/scorecards,official_web_scorecard,Championship Old Course values taken from official Marriott scorecard page.
st_pierre_old,6,yards_yellow,163,https://www.marriottgolf.co.uk/scorecards,official_web_scorecard,Championship Old Course values taken from official Marriott scorecard page.
st_pierre_old,6,si,11,https://www.marriottgolf.co.uk/scorecards,official_web_scorecard,Championship Old Course values taken from official Marriott scorecard page.
st_pierre_old,6,image,images/st_pierre_old/course_generic.jpg,https://marriott.cdn.tambourine.com/marriott-uk-golf/media/marriott-ukgolf-stpierre-course-championship-609ad71ed866c.jpg,official_course_image,Single official course image reused across holes.
st_pierre_old,7,par,5,https://www.marriottgolf.co.uk/scorecards,official_web_scorecard,Championship Old Course values taken from official Marriott scorecard page.
st_pierre_old,7,yards_white,523,https://www.marriottgolf.co.uk/scorecards,official_web_scorecard,Championship Old Course values taken from official Marriott scorecard page.
st_pierre_old,7,yards_yellow,479,https://www.marriottgolf.co.uk/scorecards,official_web_scorecard,Championship Old Course values taken from official Marriott scorecard page.
st_pierre_old,7,si,15,https://www.marriottgolf.co.uk/scorecards,official_web_scorecard,Championship Old Course values taken from official Marriott scorecard page.
st_pierre_old,7,image,images/st_pierre_old/course_generic.jpg,https://marriott.cdn.tambourine.com/marriott-uk-golf/media/marriott-ukgolf-stpierre-course-championship-609ad71ed866c.jpg,official_course_image,Single official course image reused across holes.
st_pierre_old,8,par,4,https://www.marriottgolf.co.uk/scorecards,official_web_scorecard,Championship Old Course values taken from official Marriott scorecard page.
st_pierre_old,8,yards_white,337,https://www.marriottgolf.co.uk/scorecards,official_web_scorecard,Championship Old Course values taken from official Marriott scorecard page.
st_pierre_old,8,yards_yellow,329,https://www.marriottgolf.co.uk/scorecards,official_web_scorecard,Championship Old Course values taken from official Marriott scorecard page.
st_pierre_old,8,si,13,https://www.marriottgolf.co.uk/scorecards,official_web_scorecard,Championship Old Course values taken from official Marriott scorecard page.
st_pierre_old,8,image,images/st_pierre_old/course_generic.jpg,https://marriott.cdn.tambourine.com/marriott-uk-golf/media/marriott-ukgolf-stpierre-course-championship-609ad71ed866c.jpg,official_course_image,Single official course image reused across holes.
st_pierre_old,9,par,4,https://www.marriottgolf.co.uk/scorecards,official_web_scorecard,Championship Old Course values taken from official Marriott scorecard page.
st_pierre_old,9,yards_white,431,https://www.marriottgolf.co.uk/scorecards,official_web_scorecard,Championship Old Course values taken from official Marriott scorecard page.
st_pierre_old,9,yards_yellow,396,https://www.marriottgolf.co.uk/scorecards,official_web_scorecard,Championship Old Course values taken from official Marriott scorecard page.
st_pierre_old,9,si,1,https://www.marriottgolf.co.uk/scorecards,official_web_scorecard,Championship Old Course values taken from official Marriott scorecard page.
st_pierre_old,9,image,images/st_pierre_old/course_generic.jpg,https://marriott.cdn.tambourine.com/marriott-uk-golf/media/marriott-ukgolf-stpierre-course-championship-609ad71ed866c.jpg,official_course_image,Single official course image reused across holes.
st_pierre_old,10,par,4,https://www.marriottgolf.co.uk/scorecards,official_web_scorecard,Championship Old Course values taken from official Marriott scorecard page.
st_pierre_old,10,yards_white,365,https://www.marriottgolf.co.uk/scorecards,official_web_scorecard,Championship Old Course values taken from official Marriott scorecard page.
st_pierre_old,10,yards_yellow,345,https://www.marriottgolf.co.uk/scorecards,official_web_scorecard,Championship Old Course values taken from official Marriott scorecard page.
st_pierre_old,10,si,18,https://www.marriottgolf.co.uk/scorecards,official_web_scorecard,Championship Old Course values taken from official Marriott scorecard page.
st_pierre_old,10,image,images/st_pierre_old/course_generic.jpg,https://marriott.cdn.tambourine.com/marriott-uk-golf/media/marriott-ukgolf-stpierre-course-championship-609ad71ed866c.jpg,official_course_image,Single official course image reused across holes.
st_pierre_old,11,par,4,https://www.marriottgolf.co.uk/scorecards,official_web_scorecard,Championship Old Course values taken from official Marriott scorecard page.
st_pierre_old,11,yards_white,374,https://www.marriottgolf.co.uk/scorecards,official_web_scorecard,Championship Old Course values taken from official Marriott scorecard page.
st_pierre_old,11,yards_yellow,351,https://www.marriottgolf.co.uk/scorecards,official_web_scorecard,Championship Old Course values taken from official Marriott scorecard page.
st_pierre_old,11,si,6,https://www.marriottgolf.co.uk/scorecards,official_web_scorecard,Championship Old Course values taken from official Marriott scorecard page.
st_pierre_old,11,image,images/st_pierre_old/course_generic.jpg,https://marriott.cdn.tambourine.com/marriott-uk-golf/media/marriott-ukgolf-stpierre-course-championship-609ad71ed866c.jpg,official_course_image,Single official course image reused across holes.
st_pierre_old,12,par,5,https://www.marriottgolf.co.uk/scorecards,official_web_scorecard,Championship Old Course values taken from official Marriott scorecard page.
st_pierre_old,12,yards_white,530,https://www.marriottgolf.co.uk/scorecards,official_web_scorecard,Championship Old Course values taken from official Marriott scorecard page.
st_pierre_old,12,yards_yellow,530,https://www.marriottgolf.co.uk/scorecards,official_web_scorecard,Championship Old Course values taken from official Marriott scorecard page.
st_pierre_old,12,si,4,https://www.marriottgolf.co.uk/scorecards,official_web_scorecard,Championship Old Course values taken from official Marriott scorecard page.
st_pierre_old,12,image,images/st_pierre_old/course_generic.jpg,https://marriott.cdn.tambourine.com/marriott-uk-golf/media/marriott-ukgolf-stpierre-course-championship-609ad71ed866c.jpg,official_course_image,Single official course image reused across holes.
st_pierre_old,13,par,3,https://www.marriottgolf.co.uk/scorecards,official_web_scorecard,Championship Old Course values taken from official Marriott scorecard page.
st_pierre_old,13,yards_white,195,https://www.marriottgolf.co.uk/scorecards,official_web_scorecard,Championship Old Course values taken from official Marriott scorecard page.
st_pierre_old,13,yards_yellow,195,https://www.marriottgolf.co.uk/scorecards,official_web_scorecard,Championship Old Course values taken from official Marriott scorecard page.
st_pierre_old,13,si,14,https://www.marriottgolf.co.uk/scorecards,official_web_scorecard,Championship Old Course values taken from official Marriott scorecard page.
st_pierre_old,13,image,images/st_pierre_old/course_generic.jpg,https://marriott.cdn.tambourine.com/marriott-uk-golf/media/marriott-ukgolf-stpierre-course-championship-609ad71ed866c.jpg,official_course_image,Single official course image reused across holes.
st_pierre_old,14,par,5,https://www.marriottgolf.co.uk/scorecards,official_web_scorecard,Championship Old Course values taken from official Marriott scorecard page.
st_pierre_old,14,yards_white,517,https://www.marriottgolf.co.uk/scorecards,official_web_scorecard,Championship Old Course values taken from official Marriott scorecard page.
st_pierre_old,14,yards_yellow,482,https://www.marriottgolf.co.uk/scorecards,official_web_scorecard,Championship Old Course values taken from official Marriott scorecard page.
st_pierre_old,14,si,16,https://www.marriottgolf.co.uk/scorecards,official_web_scorecard,Championship Old Course values taken from official Marriott scorecard page.
st_pierre_old,14,image,images/st_pierre_old/course_generic.jpg,https://marriott.cdn.tambourine.com/marriott-uk-golf/media/marriott-ukgolf-stpierre-course-championship-609ad71ed866c.jpg,official_course_image,Single official course image reused across holes.
st_pierre_old,15,par,4,https://www.marriottgolf.co.uk/scorecards,official_web_scorecard,Championship Old Course values taken from official Marriott scorecard page.
st_pierre_old,15,yards_white,377,https://www.marriottgolf.co.uk/scorecards,official_web_scorecard,Championship Old Course values taken from official Marriott scorecard page.
st_pierre_old,15,yards_yellow,332,https://www.marriottgolf.co.uk/scorecards,official_web_scorecard,Championship Old Course values taken from official Marriott scorecard page.
st_pierre_old,15,si,12,https://www.marriottgolf.co.uk/scorecards,official_web_scorecard,Championship Old Course values taken from official Marriott scorecard page.
st_pierre_old,15,image,images/st_pierre_old/course_generic.jpg,https://marriott.cdn.tambourine.com/marriott-uk-golf/media/marriott-ukgolf-stpierre-course-championship-609ad71ed866c.jpg,official_course_image,Single official course image reused across holes.
st_pierre_old,16,par,4,https://www.marriottgolf.co.uk/scorecards,official_web_scorecard,Championship Old Course values taken from official Marriott scorecard page.
st_pierre_old,16,yards_white,416,https://www.marriottgolf.co.uk/scorecards,official_web_scorecard,Championship Old Course values taken from official Marriott scorecard page.
st_pierre_old,16,yards_yellow,416,https://www.marriottgolf.co.uk/scorecards,official_web_scorecard,Championship Old Course values taken from official Marriott scorecard page.
st_pierre_old,16,si,2,https://www.marriottgolf.co.uk/scorecards,official_web_scorecard,Championship Old Course values taken from official Marriott scorecard page.
st_pierre_old,16,image,images/st_pierre_old/course_generic.jpg,https://marriott.cdn.tambourine.com/marriott-uk-golf/media/marriott-ukgolf-stpierre-course-championship-609ad71ed866c.jpg,official_course_image,Single official course image reused across holes.
st_pierre_old,17,par,4,https://www.marriottgolf.co.uk/scorecards,official_web_scorecard,Championship Old Course values taken from official Marriott scorecard page.
st_pierre_old,17,yards_white,397,https://www.marriottgolf.co.uk/scorecards,official_web_scorecard,Championship Old Course values taken from official Marriott scorecard page.
st_pierre_old,17,yards_yellow,348,https://www.marriottgolf.co.uk/scorecards,official_web_scorecard,Championship Old Course values taken from official Marriott scorecard page.
st_pierre_old,17,si,10,https://www.marriottgolf.co.uk/scorecards,official_web_scorecard,Championship Old Course values taken from official Marriott scorecard page.
st_pierre_old,17,image,images/st_pierre_old/course_generic.jpg,https://marriott.cdn.tambourine.com/marriott-uk-golf/media/marriott-ukgolf-stpierre-course-championship-609ad71ed866c.jpg,official_course_image,Single official course image reused across holes.
st_pierre_old,18,par,3,https://www.marriottgolf.co.uk/scorecards,official_web_scorecard,Championship Old Course values taken from official Marriott scorecard page.
st_pierre_old,18,yards_white,217,https://www.marriottgolf.co.uk/scorecards,official_web_scorecard,Championship Old Course values taken from official Marriott scorecard page.
st_pierre_old,18,yards_yellow,217,https://www.marriottgolf.co.uk/scorecards,official_web_scorecard,Championship Old Course values taken from official Marriott scorecard page.
st_pierre_old,18,si,8,https://www.marriottgolf.co.uk/scorecards,official_web_scorecard,Championship Old Course values taken from official Marriott scorecard page.
st_pierre_old,18,image,images/st_pierre_old/course_generic.jpg,https://marriott.cdn.tambourine.com/marriott-uk-golf/media/marriott-ukgolf-stpierre-course-championship-609ad71ed866c.jpg,official_course_image,Single official course image reused across holes.
clyne,1,par,4,https://www.clynegolfclub.com/course/,official_course_page,Official Clyne scorecard table; par stored as single field aligned to package schema.
clyne,1,yards_white,340,https://www.clynegolfclub.com/course/,official_course_page,Official Clyne scorecard table; par stored as single field aligned to package schema.
clyne,1,yards_yellow,326,https://www.clynegolfclub.com/course/,official_course_page,Official Clyne scorecard table; par stored as single field aligned to package schema.
clyne,1,si,11,https://www.clynegolfclub.com/course/,official_course_page,Official Clyne scorecard table; par stored as single field aligned to package schema.
clyne,1,hole_name,Y Twyn,https://www.clynegolfclub.com/course/,official_course_page,Official Clyne scorecard table; par stored as single field aligned to package schema.
clyne,1,pro_tip,The tee shot is best placed up the left-hand side of the fairway; the hole plays slightly uphill and the green slopes back to front.,https://www.clynegolfclub.com/course/hole-by-hole-tour/,official_hole_tour,Official hole-by-hole tour text.
clyne,2,par,4,https://www.clynegolfclub.com/course/,official_course_page,Official Clyne scorecard table; par stored as single field aligned to package schema.
clyne,2,yards_white,339,https://www.clynegolfclub.com/course/,official_course_page,Official Clyne scorecard table; par stored as single field aligned to package schema.
clyne,2,yards_yellow,326,https://www.clynegolfclub.com/course/,official_course_page,Official Clyne scorecard table; par stored as single field aligned to package schema.
clyne,2,si,7,https://www.clynegolfclub.com/course/,official_course_page,Official Clyne scorecard table; par stored as single field aligned to package schema.
clyne,2,hole_name,Trig Point,https://www.clynegolfclub.com/course/,official_course_page,Official Clyne scorecard table; par stored as single field aligned to package schema.
clyne,2,pro_tip,Favour the right-hand side from the tee to open the green; the elevated green is best played toward the middle.,https://www.clynegolfclub.com/course/hole-by-hole-tour/,official_hole_tour,Official hole-by-hole tour text.
clyne,3,par,5,https://www.clynegolfclub.com/course/,official_course_page,Official Clyne scorecard table; par stored as single field aligned to package schema.
clyne,3,yards_white,499,https://www.clynegolfclub.com/course/,official_course_page,Official Clyne scorecard table; par stored as single field aligned to package schema.
clyne,3,yards_yellow,490,https://www.clynegolfclub.com/course/,official_course_page,Official Clyne scorecard table; par stored as single field aligned to package schema.
clyne,3,si,3,https://www.clynegolfclub.com/course/,official_course_page,Official Clyne scorecard table; par stored as single field aligned to package schema.
clyne,3,hole_name,Clyne Wood,https://www.clynegolfclub.com/course/,official_course_page,Official Clyne scorecard table; par stored as single field aligned to package schema.
clyne,3,pro_tip,A straight ball flight is required from the elevated tee; laying up short of the cross bunkers is key.,https://www.clynegolfclub.com/course/hole-by-hole-tour/,official_hole_tour,Official hole-by-hole tour text.
clyne,4,par,3,https://www.clynegolfclub.com/course/,official_course_page,Official Clyne scorecard table; par stored as single field aligned to package schema.
clyne,4,yards_white,158,https://www.clynegolfclub.com/course/,official_course_page,Official Clyne scorecard table; par stored as single field aligned to package schema.
clyne,4,yards_yellow,154,https://www.clynegolfclub.com/course/,official_course_page,Official Clyne scorecard table; par stored as single field aligned to package schema.
clyne,4,si,13,https://www.clynegolfclub.com/course/,official_course_page,Official Clyne scorecard table; par stored as single field aligned to package schema.
clyne,4,hole_name,Keeper’s Cottage,https://www.clynegolfclub.com/course/,official_course_page,Official Clyne scorecard table; par stored as single field aligned to package schema.
clyne,4,pro_tip,The elevated green makes the shot play longer; anything short or right is punished.,https://www.clynegolfclub.com/course/hole-by-hole-tour/,official_hole_tour,Official hole-by-hole tour text.
clyne,5,par,4,https://www.clynegolfclub.com/course/,official_course_page,Official Clyne scorecard table; par stored as single field aligned to package schema.
clyne,5,yards_white,335,https://www.clynegolfclub.com/course/,official_course_page,Official Clyne scorecard table; par stored as single field aligned to package schema.
clyne,5,yards_yellow,292,https://www.clynegolfclub.com/course/,official_course_page,Official Clyne scorecard table; par stored as single field aligned to package schema.
clyne,5,si,17,https://www.clynegolfclub.com/course/,official_course_page,Official Clyne scorecard table; par stored as single field aligned to package schema.
clyne,5,hole_name,Road Hole,https://www.clynegolfclub.com/course/,official_course_page,Official Clyne scorecard table; par stored as single field aligned to package schema.
clyne,5,pro_tip,A 3-wood or hybrid up the left is advised; carry the front bunker and use the slope to feed the ball in.,https://www.clynegolfclub.com/course/hole-by-hole-tour/,official_hole_tour,Official hole-by-hole tour text.
clyne,6,par,4,https://www.clynegolfclub.com/course/,official_course_page,Official Clyne scorecard table; par stored as single field aligned to package schema.
clyne,6,yards_white,405,https://www.clynegolfclub.com/course/,official_course_page,Official Clyne scorecard table; par stored as single field aligned to package schema.
clyne,6,yards_yellow,361,https://www.clynegolfclub.com/course/,official_course_page,Official Clyne scorecard table; par stored as single field aligned to package schema.
clyne,6,si,5,https://www.clynegolfclub.com/course/,official_course_page,Official Clyne scorecard table; par stored as single field aligned to package schema.
clyne,6,hole_name,Penrice,https://www.clynegolfclub.com/course/,official_course_page,Official Clyne scorecard table; par stored as single field aligned to package schema.
clyne,6,pro_tip,A drive in the heart of the fairway leaves the ideal angle; the front-to-back green makes club selection critical.,https://www.clynegolfclub.com/course/hole-by-hole-tour/,official_hole_tour,Official hole-by-hole tour text.
clyne,7,par,5,https://www.clynegolfclub.com/course/,official_course_page,Official Clyne scorecard table; par stored as single field aligned to package schema.
clyne,7,yards_white,480,https://www.clynegolfclub.com/course/,official_course_page,Official Clyne scorecard table; par stored as single field aligned to package schema.
clyne,7,yards_yellow,386,https://www.clynegolfclub.com/course/,official_course_page,Official Clyne scorecard table; par stored as single field aligned to package schema.
clyne,7,si,1,https://www.clynegolfclub.com/course/,official_course_page,Official Clyne scorecard table; par stored as single field aligned to package schema.
clyne,7,hole_name,Ffordd Hir,https://www.clynegolfclub.com/course/,official_course_page,Official Clyne scorecard table; par stored as single field aligned to package schema.
clyne,7,pro_tip,Miss the right-side bunker off the tee to keep the option of reaching in two; the open front can feed a well-struck shot on.,https://www.clynegolfclub.com/course/hole-by-hole-tour/,official_hole_tour,Official hole-by-hole tour text.
clyne,8,par,3,https://www.clynegolfclub.com/course/,official_course_page,Official Clyne scorecard table; par stored as single field aligned to package schema.
clyne,8,yards_white,202,https://www.clynegolfclub.com/course/,official_course_page,Official Clyne scorecard table; par stored as single field aligned to package schema.
clyne,8,yards_yellow,184,https://www.clynegolfclub.com/course/,official_course_page,Official Clyne scorecard table; par stored as single field aligned to package schema.
clyne,8,si,15,https://www.clynegolfclub.com/course/,official_course_page,Official Clyne scorecard table; par stored as single field aligned to package schema.
clyne,8,hole_name,Fern Fall,https://www.clynegolfclub.com/course/,official_course_page,Official Clyne scorecard table; par stored as single field aligned to package schema.
clyne,8,pro_tip,Aim for the centre of the green; par is not to be taken for granted.,https://www.clynegolfclub.com/course/hole-by-hole-tour/,official_hole_tour,Official hole-by-hole tour text.
clyne,9,par,4,https://www.clynegolfclub.com/course/,official_course_page,Official Clyne scorecard table; par stored as single field aligned to package schema.
clyne,9,yards_white,475,https://www.clynegolfclub.com/course/,official_course_page,Official Clyne scorecard table; par stored as single field aligned to package schema.
clyne,9,yards_yellow,448,https://www.clynegolfclub.com/course/,official_course_page,Official Clyne scorecard table; par stored as single field aligned to package schema.
clyne,9,si,9,https://www.clynegolfclub.com/course/,official_course_page,Official Clyne scorecard table; par stored as single field aligned to package schema.
clyne,9,hole_name,Gwelfor,https://www.clynegolfclub.com/course/,official_course_page,Official Clyne scorecard table; par stored as single field aligned to package schema.
clyne,9,pro_tip,"Use the marker pole off the tee, get beyond the cross bunker, and beware the two right-side greenside bunkers.",https://www.clynegolfclub.com/course/hole-by-hole-tour/,official_hole_tour,Official hole-by-hole tour text.
clyne,10,par,4,https://www.clynegolfclub.com/course/,official_course_page,Official Clyne scorecard table; par stored as single field aligned to package schema.
clyne,10,yards_white,415,https://www.clynegolfclub.com/course/,official_course_page,Official Clyne scorecard table; par stored as single field aligned to package schema.
clyne,10,yards_yellow,391,https://www.clynegolfclub.com/course/,official_course_page,Official Clyne scorecard table; par stored as single field aligned to package schema.
clyne,10,si,10,https://www.clynegolfclub.com/course/,official_course_page,Official Clyne scorecard table; par stored as single field aligned to package schema.
clyne,10,hole_name,Owl’s Lodge,https://www.clynegolfclub.com/course/,official_course_page,Official Clyne scorecard table; par stored as single field aligned to package schema.
clyne,10,pro_tip,A drive just right of centre is ideal; the second shot plays uphill so take extra club.,https://www.clynegolfclub.com/course/hole-by-hole-tour/,official_hole_tour,Official hole-by-hole tour text.
clyne,11,par,4,https://www.clynegolfclub.com/course/,official_course_page,Official Clyne scorecard table; par stored as single field aligned to package schema.
clyne,11,yards_white,413,https://www.clynegolfclub.com/course/,official_course_page,Official Clyne scorecard table; par stored as single field aligned to package schema.
clyne,11,yards_yellow,383,https://www.clynegolfclub.com/course/,official_course_page,Official Clyne scorecard table; par stored as single field aligned to package schema.
clyne,11,si,4,https://www.clynegolfclub.com/course/,official_course_page,Official Clyne scorecard table; par stored as single field aligned to package schema.
clyne,11,hole_name,The Spire,https://www.clynegolfclub.com/course/,official_course_page,Official Clyne scorecard table; par stored as single field aligned to package schema.
clyne,11,pro_tip,A long straight drive is required; the green is huge so factor pin position heavily into club choice.,https://www.clynegolfclub.com/course/hole-by-hole-tour/,official_hole_tour,Official hole-by-hole tour text.
clyne,12,par,3,https://www.clynegolfclub.com/course/,official_course_page,Official Clyne scorecard table; par stored as single field aligned to package schema.
clyne,12,yards_white,163,https://www.clynegolfclub.com/course/,official_course_page,Official Clyne scorecard table; par stored as single field aligned to package schema.
clyne,12,yards_yellow,152,https://www.clynegolfclub.com/course/,official_course_page,Official Clyne scorecard table; par stored as single field aligned to package schema.
clyne,12,si,18,https://www.clynegolfclub.com/course/,official_course_page,Official Clyne scorecard table; par stored as single field aligned to package schema.
clyne,12,hole_name,Bant a Hi,https://www.clynegolfclub.com/course/,official_course_page,Official Clyne scorecard table; par stored as single field aligned to package schema.
clyne,12,pro_tip,A fraction short is the clever miss because the green slopes severely from back to front.,https://www.clynegolfclub.com/course/hole-by-hole-tour/,official_hole_tour,Official hole-by-hole tour text.
clyne,13,par,4,https://www.clynegolfclub.com/course/,official_course_page,Official Clyne scorecard table; par stored as single field aligned to package schema.
clyne,13,yards_white,348,https://www.clynegolfclub.com/course/,official_course_page,Official Clyne scorecard table; par stored as single field aligned to package schema.
clyne,13,yards_yellow,341,https://www.clynegolfclub.com/course/,official_course_page,Official Clyne scorecard table; par stored as single field aligned to package schema.
clyne,13,si,8,https://www.clynegolfclub.com/course/,official_course_page,Official Clyne scorecard table; par stored as single field aligned to package schema.
clyne,13,hole_name,The Gulley,https://www.clynegolfclub.com/course/,official_course_page,Official Clyne scorecard table; par stored as single field aligned to package schema.
clyne,13,pro_tip,Ideally favour the right from the tee; the second is demanding because of the large gully short of the green.,https://www.clynegolfclub.com/course/hole-by-hole-tour/,official_hole_tour,Official hole-by-hole tour text.
clyne,14,par,5,https://www.clynegolfclub.com/course/,official_course_page,Official Clyne scorecard table; par stored as single field aligned to package schema.
clyne,14,yards_white,504,https://www.clynegolfclub.com/course/,official_course_page,Official Clyne scorecard table; par stored as single field aligned to package schema.
clyne,14,yards_yellow,492,https://www.clynegolfclub.com/course/,official_course_page,Official Clyne scorecard table; par stored as single field aligned to package schema.
clyne,14,si,2,https://www.clynegolfclub.com/course/,official_course_page,Official Clyne scorecard table; par stored as single field aligned to package schema.
clyne,14,hole_name,The Kidney,https://www.clynegolfclub.com/course/,official_course_page,Official Clyne scorecard table; par stored as single field aligned to package schema.
clyne,14,pro_tip,"Clear the left fairway bunker to use the downslope, then favour the right on the approach and let the ground feed the ball left.",https://www.clynegolfclub.com/course/hole-by-hole-tour/,official_hole_tour,Official hole-by-hole tour text.
clyne,15,par,4,https://www.clynegolfclub.com/course/,official_course_page,Official Clyne scorecard table; par stored as single field aligned to package schema.
clyne,15,yards_white,308,https://www.clynegolfclub.com/course/,official_course_page,Official Clyne scorecard table; par stored as single field aligned to package schema.
clyne,15,yards_yellow,273,https://www.clynegolfclub.com/course/,official_course_page,Official Clyne scorecard table; par stored as single field aligned to package schema.
clyne,15,si,14,https://www.clynegolfclub.com/course/,official_course_page,Official Clyne scorecard table; par stored as single field aligned to package schema.
clyne,15,hole_name,Kestrel Way,https://www.clynegolfclub.com/course/,official_course_page,Official Clyne scorecard table; par stored as single field aligned to package schema.
clyne,15,pro_tip,"Keep the tee shot well left of the fairway bunkers; the short, blind approach still needs full concentration.",https://www.clynegolfclub.com/course/hole-by-hole-tour/,official_hole_tour,Official hole-by-hole tour text.
clyne,16,par,5,https://www.clynegolfclub.com/course/,official_course_page,Official Clyne scorecard table; par stored as single field aligned to package schema.
clyne,16,yards_white,520,https://www.clynegolfclub.com/course/,official_course_page,Official Clyne scorecard table; par stored as single field aligned to package schema.
clyne,16,yards_yellow,458,https://www.clynegolfclub.com/course/,official_course_page,Official Clyne scorecard table; par stored as single field aligned to package schema.
clyne,16,si,6,https://www.clynegolfclub.com/course/,official_course_page,Official Clyne scorecard table; par stored as single field aligned to package schema.
clyne,16,hole_name,Mumbles Head,https://www.clynegolfclub.com/course/,official_course_page,Official Clyne scorecard table; par stored as single field aligned to package schema.
clyne,16,pro_tip,Hit straight at the marker pole and be careful with club selection on the downhill approach.,https://www.clynegolfclub.com/course/hole-by-hole-tour/,official_hole_tour,Official hole-by-hole tour text.
clyne,17,par,3,https://www.clynegolfclub.com/course/,official_course_page,Official Clyne scorecard table; par stored as single field aligned to package schema.
clyne,17,yards_white,154,https://www.clynegolfclub.com/course/,official_course_page,Official Clyne scorecard table; par stored as single field aligned to package schema.
clyne,17,yards_yellow,144,https://www.clynegolfclub.com/course/,official_course_page,Official Clyne scorecard table; par stored as single field aligned to package schema.
clyne,17,si,16,https://www.clynegolfclub.com/course/,official_course_page,Official Clyne scorecard table; par stored as single field aligned to package schema.
clyne,17,hole_name,Quarry,https://www.clynegolfclub.com/course/,official_course_page,Official Clyne scorecard table; par stored as single field aligned to package schema.
clyne,17,pro_tip,Missing right gives the best chance of recovery; par is an excellent score here.,https://www.clynegolfclub.com/course/hole-by-hole-tour/,official_hole_tour,Official hole-by-hole tour text.
clyne,18,par,4,https://www.clynegolfclub.com/course/,official_course_page,Official Clyne scorecard table; par stored as single field aligned to package schema.
clyne,18,yards_white,374,https://www.clynegolfclub.com/course/,official_course_page,Official Clyne scorecard table; par stored as single field aligned to package schema.
clyne,18,yards_yellow,342,https://www.clynegolfclub.com/course/,official_course_page,Official Clyne scorecard table; par stored as single field aligned to package schema.
clyne,18,si,12,https://www.clynegolfclub.com/course/,official_course_page,Official Clyne scorecard table; par stored as single field aligned to package schema.
clyne,18,hole_name,Pen Y Dalar,https://www.clynegolfclub.com/course/,official_course_page,Official Clyne scorecard table; par stored as single field aligned to package schema.
clyne,18,pro_tip,Hit left side of fairway from the elevated tee and take less club on the approach because the ground feeds right.,https://www.clynegolfclub.com/course/hole-by-hole-tour/,official_hole_tour,Official hole-by-hole tour text.
neath,1,par,5,https://golfsherpa.co.uk/courses/wales/neath-golf-club,web_scorecard,Matched to accessible web scorecard page; tips sourced separately from official hole pages.
neath,1,yards_white,495,https://golfsherpa.co.uk/courses/wales/neath-golf-club,web_scorecard,Matched to accessible web scorecard page; tips sourced separately from official hole pages.
neath,1,yards_yellow,487,https://golfsherpa.co.uk/courses/wales/neath-golf-club,web_scorecard,Matched to accessible web scorecard page; tips sourced separately from official hole pages.
neath,1,si,3,https://golfsherpa.co.uk/courses/wales/neath-golf-club,web_scorecard,Matched to accessible web scorecard page; tips sourced separately from official hole pages.
neath,1,pro_tip,"A generous fairway invites the drive, but the ideal line is left; the safe approach is the back of the green.",https://www.neathgolfclub.co.uk/course-tour,official_hole_page,Official Neath hole page text.
neath,2,par,3,https://golfsherpa.co.uk/courses/wales/neath-golf-club,web_scorecard,Matched to accessible web scorecard page; tips sourced separately from official hole pages.
neath,2,yards_white,139,https://golfsherpa.co.uk/courses/wales/neath-golf-club,web_scorecard,Matched to accessible web scorecard page; tips sourced separately from official hole pages.
neath,2,yards_yellow,136,https://golfsherpa.co.uk/courses/wales/neath-golf-club,web_scorecard,Matched to accessible web scorecard page; tips sourced separately from official hole pages.
neath,2,si,18,https://golfsherpa.co.uk/courses/wales/neath-golf-club,web_scorecard,Matched to accessible web scorecard page; tips sourced separately from official hole pages.
neath,2,pro_tip,Club selection is paramount on the blind par 3; the left side of the green is the preferred target.,https://www.neathgolfclub.co.uk/copy-of-course-tour,official_hole_page,Official Neath hole page text.
neath,3,par,4,https://golfsherpa.co.uk/courses/wales/neath-golf-club,web_scorecard,Matched to accessible web scorecard page; tips sourced separately from official hole pages.
neath,3,yards_white,320,https://golfsherpa.co.uk/courses/wales/neath-golf-club,web_scorecard,Matched to accessible web scorecard page; tips sourced separately from official hole pages.
neath,3,yards_yellow,314,https://golfsherpa.co.uk/courses/wales/neath-golf-club,web_scorecard,Matched to accessible web scorecard page; tips sourced separately from official hole pages.
neath,3,si,13,https://golfsherpa.co.uk/courses/wales/neath-golf-club,web_scorecard,Matched to accessible web scorecard page; tips sourced separately from official hole pages.
neath,3,pro_tip,"Positioning is everything on the dog-leg right, with the stream and trees shaping the line into the raised green.",https://www.neathgolfclub.co.uk/copy-of-hole-2,official_hole_page,Official Neath hole page text.
neath,4,par,5,https://golfsherpa.co.uk/courses/wales/neath-golf-club,web_scorecard,Matched to accessible web scorecard page; tips sourced separately from official hole pages.
neath,4,yards_white,486,https://golfsherpa.co.uk/courses/wales/neath-golf-club,web_scorecard,Matched to accessible web scorecard page; tips sourced separately from official hole pages.
neath,4,yards_yellow,483,https://golfsherpa.co.uk/courses/wales/neath-golf-club,web_scorecard,Matched to accessible web scorecard page; tips sourced separately from official hole pages.
neath,4,si,7,https://golfsherpa.co.uk/courses/wales/neath-golf-club,web_scorecard,Matched to accessible web scorecard page; tips sourced separately from official hole pages.
neath,4,pro_tip,"The generous fairway tempts you toward the left boundary, but out of bounds runs all the way down that side and behind the green.",https://www.neathgolfclub.co.uk/copy-of-hole-3,official_hole_page,Official Neath hole page text.
neath,5,par,3,https://golfsherpa.co.uk/courses/wales/neath-golf-club,web_scorecard,Matched to accessible web scorecard page; tips sourced separately from official hole pages.
neath,5,yards_white,175,https://golfsherpa.co.uk/courses/wales/neath-golf-club,web_scorecard,Matched to accessible web scorecard page; tips sourced separately from official hole pages.
neath,5,yards_yellow,172,https://golfsherpa.co.uk/courses/wales/neath-golf-club,web_scorecard,Matched to accessible web scorecard page; tips sourced separately from official hole pages.
neath,5,si,15,https://golfsherpa.co.uk/courses/wales/neath-golf-club,web_scorecard,Matched to accessible web scorecard page; tips sourced separately from official hole pages.
neath,5,pro_tip,Club selection and tee-shot placement are vital on this tricky short par 3.,https://www.neathgolfclub.co.uk/copy-of-hole-4,official_hole_page,Official Neath hole page text.
neath,6,par,4,https://golfsherpa.co.uk/courses/wales/neath-golf-club,web_scorecard,Matched to accessible web scorecard page; tips sourced separately from official hole pages.
neath,6,yards_white,375,https://golfsherpa.co.uk/courses/wales/neath-golf-club,web_scorecard,Matched to accessible web scorecard page; tips sourced separately from official hole pages.
neath,6,yards_yellow,370,https://golfsherpa.co.uk/courses/wales/neath-golf-club,web_scorecard,Matched to accessible web scorecard page; tips sourced separately from official hole pages.
neath,6,si,10,https://golfsherpa.co.uk/courses/wales/neath-golf-club,web_scorecard,Matched to accessible web scorecard page; tips sourced separately from official hole pages.
neath,6,pro_tip,Distance and spin control on the downhill approach are paramount; it is a birdie hole if played correctly.,https://www.neathgolfclub.co.uk/copy-of-hole-5,official_hole_page,Official Neath hole page text.
neath,7,par,4,https://golfsherpa.co.uk/courses/wales/neath-golf-club,web_scorecard,Matched to accessible web scorecard page; tips sourced separately from official hole pages.
neath,7,yards_white,392,https://golfsherpa.co.uk/courses/wales/neath-golf-club,web_scorecard,Matched to accessible web scorecard page; tips sourced separately from official hole pages.
neath,7,yards_yellow,388,https://golfsherpa.co.uk/courses/wales/neath-golf-club,web_scorecard,Matched to accessible web scorecard page; tips sourced separately from official hole pages.
neath,7,si,5,https://golfsherpa.co.uk/courses/wales/neath-golf-club,web_scorecard,Matched to accessible web scorecard page; tips sourced separately from official hole pages.
neath,7,pro_tip,Wind is a major factor from the elevated tee; wall left and heather right punish a poor drive.,https://www.neathgolfclub.co.uk/copy-of-hole-6,official_hole_page,Official Neath hole page text.
neath,8,par,4,https://golfsherpa.co.uk/courses/wales/neath-golf-club,web_scorecard,Matched to accessible web scorecard page; tips sourced separately from official hole pages.
neath,8,yards_white,415,https://golfsherpa.co.uk/courses/wales/neath-golf-club,web_scorecard,Matched to accessible web scorecard page; tips sourced separately from official hole pages.
neath,8,yards_yellow,410,https://golfsherpa.co.uk/courses/wales/neath-golf-club,web_scorecard,Matched to accessible web scorecard page; tips sourced separately from official hole pages.
neath,8,si,1,https://golfsherpa.co.uk/courses/wales/neath-golf-club,web_scorecard,Matched to accessible web scorecard page; tips sourced separately from official hole pages.
neath,8,pro_tip,This is one of the toughest par 4s on the course; the fairway must be found to have any chance of reaching in regulation.,https://www.neathgolfclub.co.uk/copy-of-hole-7,official_hole_page,Official Neath hole page text.
neath,9,par,4,https://golfsherpa.co.uk/courses/wales/neath-golf-club,web_scorecard,Matched to accessible web scorecard page; tips sourced separately from official hole pages.
neath,9,yards_white,344,https://golfsherpa.co.uk/courses/wales/neath-golf-club,web_scorecard,Matched to accessible web scorecard page; tips sourced separately from official hole pages.
neath,9,yards_yellow,340,https://golfsherpa.co.uk/courses/wales/neath-golf-club,web_scorecard,Matched to accessible web scorecard page; tips sourced separately from official hole pages.
neath,9,si,12,https://golfsherpa.co.uk/courses/wales/neath-golf-club,web_scorecard,Matched to accessible web scorecard page; tips sourced separately from official hole pages.
neath,9,pro_tip,"A short par 4 that offers birdie, but out of bounds left and the raised green still demand care.",https://www.neathgolfclub.co.uk/copy-of-hole-8,official_hole_page,Official Neath hole page text.
neath,10,par,4,https://golfsherpa.co.uk/courses/wales/neath-golf-club,web_scorecard,Matched to accessible web scorecard page; tips sourced separately from official hole pages.
neath,10,yards_white,365,https://golfsherpa.co.uk/courses/wales/neath-golf-club,web_scorecard,Matched to accessible web scorecard page; tips sourced separately from official hole pages.
neath,10,yards_yellow,362,https://golfsherpa.co.uk/courses/wales/neath-golf-club,web_scorecard,Matched to accessible web scorecard page; tips sourced separately from official hole pages.
neath,10,si,9,https://golfsherpa.co.uk/courses/wales/neath-golf-club,web_scorecard,Matched to accessible web scorecard page; tips sourced separately from official hole pages.
neath,10,pro_tip,A semi-blind tee shot sets up a signature hole; the green is protected by four bunkers and a ridge that creates two tiers.,https://www.neathgolfclub.co.uk/copy-of-hole-9,official_hole_page,Official Neath hole page text.
neath,11,par,4,https://golfsherpa.co.uk/courses/wales/neath-golf-club,web_scorecard,Matched to accessible web scorecard page; tips sourced separately from official hole pages.
neath,11,yards_white,346,https://golfsherpa.co.uk/courses/wales/neath-golf-club,web_scorecard,Matched to accessible web scorecard page; tips sourced separately from official hole pages.
neath,11,yards_yellow,342,https://golfsherpa.co.uk/courses/wales/neath-golf-club,web_scorecard,Matched to accessible web scorecard page; tips sourced separately from official hole pages.
neath,11,si,14,https://golfsherpa.co.uk/courses/wales/neath-golf-club,web_scorecard,Matched to accessible web scorecard page; tips sourced separately from official hole pages.
neath,11,pro_tip,"Downwind, long hitters can threaten the green; otherwise it is a short downhill par 4 and a scoring chance.",https://www.neathgolfclub.co.uk/copy-of-hole-10,official_hole_page,Official Neath hole page text.
neath,12,par,5,https://golfsherpa.co.uk/courses/wales/neath-golf-club,web_scorecard,Matched to accessible web scorecard page; tips sourced separately from official hole pages.
neath,12,yards_white,510,https://golfsherpa.co.uk/courses/wales/neath-golf-club,web_scorecard,Matched to accessible web scorecard page; tips sourced separately from official hole pages.
neath,12,yards_yellow,505,https://golfsherpa.co.uk/courses/wales/neath-golf-club,web_scorecard,Matched to accessible web scorecard page; tips sourced separately from official hole pages.
neath,12,si,6,https://golfsherpa.co.uk/courses/wales/neath-golf-club,web_scorecard,Matched to accessible web scorecard page; tips sourced separately from official hole pages.
neath,12,pro_tip,"An uphill par 5 with a generous fairway, but the undulating green is the main defence.",https://www.neathgolfclub.co.uk/copy-of-hole-11,official_hole_page,Official Neath hole page text.
neath,13,par,4,https://golfsherpa.co.uk/courses/wales/neath-golf-club,web_scorecard,Matched to accessible web scorecard page; tips sourced separately from official hole pages.
neath,13,yards_white,460,https://golfsherpa.co.uk/courses/wales/neath-golf-club,web_scorecard,Matched to accessible web scorecard page; tips sourced separately from official hole pages.
neath,13,yards_yellow,452,https://golfsherpa.co.uk/courses/wales/neath-golf-club,web_scorecard,Matched to accessible web scorecard page; tips sourced separately from official hole pages.
neath,13,si,2,https://golfsherpa.co.uk/courses/wales/neath-golf-club,web_scorecard,Matched to accessible web scorecard page; tips sourced separately from official hole pages.
neath,13,pro_tip,The fairway falls downhill all the way to the green; the approach from a slightly downhill lie is the real challenge.,https://www.neathgolfclub.co.uk/copy-of-hole-12,official_hole_page,Official Neath hole page text.
neath,14,par,3,https://golfsherpa.co.uk/courses/wales/neath-golf-club,web_scorecard,Matched to accessible web scorecard page; tips sourced separately from official hole pages.
neath,14,yards_white,141,https://golfsherpa.co.uk/courses/wales/neath-golf-club,web_scorecard,Matched to accessible web scorecard page; tips sourced separately from official hole pages.
neath,14,yards_yellow,135,https://golfsherpa.co.uk/courses/wales/neath-golf-club,web_scorecard,Matched to accessible web scorecard page; tips sourced separately from official hole pages.
neath,14,si,17,https://golfsherpa.co.uk/courses/wales/neath-golf-club,web_scorecard,Matched to accessible web scorecard page; tips sourced separately from official hole pages.
neath,14,pro_tip,"The shortest hole on the course, sheltered by a rock outcrop on the right and one of the better birdie chances.",https://www.neathgolfclub.co.uk/copy-of-hole-13,official_hole_page,Official Neath hole page text.
neath,15,par,4,https://golfsherpa.co.uk/courses/wales/neath-golf-club,web_scorecard,Matched to accessible web scorecard page; tips sourced separately from official hole pages.
neath,15,yards_white,391,https://golfsherpa.co.uk/courses/wales/neath-golf-club,web_scorecard,Matched to accessible web scorecard page; tips sourced separately from official hole pages.
neath,15,yards_yellow,378,https://golfsherpa.co.uk/courses/wales/neath-golf-club,web_scorecard,Matched to accessible web scorecard page; tips sourced separately from official hole pages.
neath,15,si,11,https://golfsherpa.co.uk/courses/wales/neath-golf-club,web_scorecard,Matched to accessible web scorecard page; tips sourced separately from official hole pages.
neath,15,pro_tip,"""The Pulpit"" drops around 80 feet from the top plateau to the bottom; wind and the green sloping away are the key defences.",https://www.neathgolfclub.co.uk/copy-of-hole-14,official_hole_page,Official Neath hole page text.
neath,16,par,4,https://golfsherpa.co.uk/courses/wales/neath-golf-club,web_scorecard,Matched to accessible web scorecard page; tips sourced separately from official hole pages.
neath,16,yards_white,379,https://golfsherpa.co.uk/courses/wales/neath-golf-club,web_scorecard,Matched to accessible web scorecard page; tips sourced separately from official hole pages.
neath,16,yards_yellow,375,https://golfsherpa.co.uk/courses/wales/neath-golf-club,web_scorecard,Matched to accessible web scorecard page; tips sourced separately from official hole pages.
neath,16,si,4,https://golfsherpa.co.uk/courses/wales/neath-golf-club,web_scorecard,Matched to accessible web scorecard page; tips sourced separately from official hole pages.
neath,16,pro_tip,A deceptive par 4 that rises to a brow before flattening; anything short of the green can run back off the front.,https://www.neathgolfclub.co.uk/copy-of-hole-15,official_hole_page,Official Neath hole page text.
neath,17,par,3,https://golfsherpa.co.uk/courses/wales/neath-golf-club,web_scorecard,Matched to accessible web scorecard page; tips sourced separately from official hole pages.
neath,17,yards_white,195,https://golfsherpa.co.uk/courses/wales/neath-golf-club,web_scorecard,Matched to accessible web scorecard page; tips sourced separately from official hole pages.
neath,17,yards_yellow,189,https://golfsherpa.co.uk/courses/wales/neath-golf-club,web_scorecard,Matched to accessible web scorecard page; tips sourced separately from official hole pages.
neath,17,si,16,https://golfsherpa.co.uk/courses/wales/neath-golf-club,web_scorecard,Matched to accessible web scorecard page; tips sourced separately from official hole pages.
neath,17,pro_tip,"The longest par 3 on the course; right is safer, but the preferred left-side finish brings more danger into play.",https://www.neathgolfclub.co.uk/copy-of-hole-16,official_hole_page,Official Neath hole page text.
neath,18,par,5,https://golfsherpa.co.uk/courses/wales/neath-golf-club,web_scorecard,Matched to accessible web scorecard page; tips sourced separately from official hole pages.
neath,18,yards_white,562,https://golfsherpa.co.uk/courses/wales/neath-golf-club,web_scorecard,Matched to accessible web scorecard page; tips sourced separately from official hole pages.
neath,18,yards_yellow,555,https://golfsherpa.co.uk/courses/wales/neath-golf-club,web_scorecard,Matched to accessible web scorecard page; tips sourced separately from official hole pages.
neath,18,si,8,https://golfsherpa.co.uk/courses/wales/neath-golf-club,web_scorecard,Matched to accessible web scorecard page; tips sourced separately from official hole pages.
neath,18,pro_tip,A long closing dog-leg right; finding the correct line from the tee is crucial to gain run and set up a birdie chance.,https://www.neathgolfclub.co.uk/copy-of-hole-17,official_hole_page,Official Neath hole page text.
rolls_monmouth,1,par,4,https://www.therollsgolfclub.co.uk/course/the-course/,official_hole_by_hole_page,Official Rolls of Monmouth hole page values.
rolls_monmouth,1,yards_white,401,https://www.therollsgolfclub.co.uk/course/the-course/,official_hole_by_hole_page,Official Rolls of Monmouth hole page values.
rolls_monmouth,1,yards_yellow,376,https://www.therollsgolfclub.co.uk/course/the-course/,official_hole_by_hole_page,Official Rolls of Monmouth hole page values.
rolls_monmouth,1,si,10,https://www.therollsgolfclub.co.uk/course/the-course/,official_hole_by_hole_page,Official Rolls of Monmouth hole page values.
rolls_monmouth,1,hole_name,Boxbush,https://www.therollsgolfclub.co.uk/course/the-course/,official_hole_by_hole_page,Official Rolls of Monmouth hole page values.
rolls_monmouth,1,pro_tip,Keep to the right of the fairway for the best angle into the deceptively long green.,https://www.therollsgolfclub.co.uk/course/the-course/,official_hole_by_hole_page,Official Rolls of Monmouth pro tip.
rolls_monmouth,2,par,4,https://www.therollsgolfclub.co.uk/course/the-course/,official_hole_by_hole_page,Official Rolls of Monmouth hole page values.
rolls_monmouth,2,yards_white,353,https://www.therollsgolfclub.co.uk/course/the-course/,official_hole_by_hole_page,Official Rolls of Monmouth hole page values.
rolls_monmouth,2,yards_yellow,339,https://www.therollsgolfclub.co.uk/course/the-course/,official_hole_by_hole_page,Official Rolls of Monmouth hole page values.
rolls_monmouth,2,si,14,https://www.therollsgolfclub.co.uk/course/the-course/,official_hole_by_hole_page,Official Rolls of Monmouth hole page values.
rolls_monmouth,2,hole_name,Old Trackway,https://www.therollsgolfclub.co.uk/course/the-course/,official_hole_by_hole_page,Official Rolls of Monmouth hole page values.
rolls_monmouth,2,pro_tip,Be past or right of the oak tree on the left and keep to the right side to avoid being blocked out.,https://www.therollsgolfclub.co.uk/course/the-course/,official_hole_by_hole_page,Official Rolls of Monmouth pro tip.
rolls_monmouth,3,par,4,https://www.therollsgolfclub.co.uk/course/the-course/,official_hole_by_hole_page,Official Rolls of Monmouth hole page values.
rolls_monmouth,3,yards_white,382,https://www.therollsgolfclub.co.uk/course/the-course/,official_hole_by_hole_page,Official Rolls of Monmouth hole page values.
rolls_monmouth,3,yards_yellow,371,https://www.therollsgolfclub.co.uk/course/the-course/,official_hole_by_hole_page,Official Rolls of Monmouth hole page values.
rolls_monmouth,3,si,4,https://www.therollsgolfclub.co.uk/course/the-course/,official_hole_by_hole_page,Official Rolls of Monmouth hole page values.
rolls_monmouth,3,hole_name,Duke of York,https://www.therollsgolfclub.co.uk/course/the-course/,official_hole_by_hole_page,Official Rolls of Monmouth hole page values.
rolls_monmouth,3,pro_tip,Try to keep the tee shot tight to the left side; too straight or too far right leaves a long approach.,https://www.therollsgolfclub.co.uk/course/the-course/,official_hole_by_hole_page,Official Rolls of Monmouth pro tip.
rolls_monmouth,4,par,3,https://www.therollsgolfclub.co.uk/course/the-course/,official_hole_by_hole_page,Official Rolls of Monmouth hole page values.
rolls_monmouth,4,yards_white,167,https://www.therollsgolfclub.co.uk/course/the-course/,official_hole_by_hole_page,Official Rolls of Monmouth hole page values.
rolls_monmouth,4,yards_yellow,156,https://www.therollsgolfclub.co.uk/course/the-course/,official_hole_by_hole_page,Official Rolls of Monmouth hole page values.
rolls_monmouth,4,si,18,https://www.therollsgolfclub.co.uk/course/the-course/,official_hole_by_hole_page,Official Rolls of Monmouth hole page values.
rolls_monmouth,4,hole_name,Duchess of York,https://www.therollsgolfclub.co.uk/course/the-course/,official_hole_by_hole_page,Official Rolls of Monmouth hole page values.
rolls_monmouth,4,pro_tip,Good club selection is required; anything past the hole leaves a fast and tricky putt.,https://www.therollsgolfclub.co.uk/course/the-course/,official_hole_by_hole_page,Official Rolls of Monmouth pro tip.
rolls_monmouth,5,par,5,https://www.therollsgolfclub.co.uk/course/the-course/,official_hole_by_hole_page,Official Rolls of Monmouth hole page values.
rolls_monmouth,5,yards_white,516,https://www.therollsgolfclub.co.uk/course/the-course/,official_hole_by_hole_page,Official Rolls of Monmouth hole page values.
rolls_monmouth,5,yards_yellow,467,https://www.therollsgolfclub.co.uk/course/the-course/,official_hole_by_hole_page,Official Rolls of Monmouth hole page values.
rolls_monmouth,5,si,12,https://www.therollsgolfclub.co.uk/course/the-course/,official_hole_by_hole_page,Official Rolls of Monmouth hole page values.
rolls_monmouth,5,hole_name,Raglan,https://www.therollsgolfclub.co.uk/course/the-course/,official_hole_by_hole_page,Official Rolls of Monmouth hole page values.
rolls_monmouth,5,pro_tip,Be positive with the approach because anything short can roll back off the front of the green.,https://www.therollsgolfclub.co.uk/course/the-course/,official_hole_by_hole_page,Official Rolls of Monmouth pro tip.
rolls_monmouth,6,par,4,https://www.therollsgolfclub.co.uk/course/the-course/,official_hole_by_hole_page,Official Rolls of Monmouth hole page values.
rolls_monmouth,6,yards_white,437,https://www.therollsgolfclub.co.uk/course/the-course/,official_hole_by_hole_page,Official Rolls of Monmouth hole page values.
rolls_monmouth,6,yards_yellow,407,https://www.therollsgolfclub.co.uk/course/the-course/,official_hole_by_hole_page,Official Rolls of Monmouth hole page values.
rolls_monmouth,6,si,2,https://www.therollsgolfclub.co.uk/course/the-course/,official_hole_by_hole_page,Official Rolls of Monmouth hole page values.
rolls_monmouth,6,hole_name,Offa's Drive,https://www.therollsgolfclub.co.uk/course/the-course/,official_hole_by_hole_page,Official Rolls of Monmouth hole page values.
rolls_monmouth,6,pro_tip,Keep the approach on the right side and below the hole to avoid one of the toughest putts on the course.,https://www.therollsgolfclub.co.uk/course/the-course/,official_hole_by_hole_page,Official Rolls of Monmouth pro tip.
rolls_monmouth,7,par,5,https://www.therollsgolfclub.co.uk/course/the-course/page/2/,official_hole_by_hole_page,Official Rolls of Monmouth hole page values.
rolls_monmouth,7,yards_white,536,https://www.therollsgolfclub.co.uk/course/the-course/page/2/,official_hole_by_hole_page,Official Rolls of Monmouth hole page values.
rolls_monmouth,7,yards_yellow,510,https://www.therollsgolfclub.co.uk/course/the-course/page/2/,official_hole_by_hole_page,Official Rolls of Monmouth hole page values.
rolls_monmouth,7,si,8,https://www.therollsgolfclub.co.uk/course/the-course/page/2/,official_hole_by_hole_page,Official Rolls of Monmouth hole page values.
rolls_monmouth,7,hole_name,Dawn o'Day,https://www.therollsgolfclub.co.uk/course/the-course/page/2/,official_hole_by_hole_page,Official Rolls of Monmouth hole page values.
rolls_monmouth,7,pro_tip,Favour the right side with the tee shot to use the slope and pick up extra distance.,https://www.therollsgolfclub.co.uk/course/the-course/page/2/,official_hole_by_hole_page,Official Rolls of Monmouth pro tip.
rolls_monmouth,8,par,3,https://www.therollsgolfclub.co.uk/course/the-course/page/2/,official_hole_by_hole_page,Official Rolls of Monmouth hole page values.
rolls_monmouth,8,yards_white,164,https://www.therollsgolfclub.co.uk/course/the-course/page/2/,official_hole_by_hole_page,Official Rolls of Monmouth hole page values.
rolls_monmouth,8,yards_yellow,163,https://www.therollsgolfclub.co.uk/course/the-course/page/2/,official_hole_by_hole_page,Official Rolls of Monmouth hole page values.
rolls_monmouth,8,si,16,https://www.therollsgolfclub.co.uk/course/the-course/page/2/,official_hole_by_hole_page,Official Rolls of Monmouth hole page values.
rolls_monmouth,8,hole_name,Gloucester’s Bridge,https://www.therollsgolfclub.co.uk/course/the-course/page/2/,official_hole_by_hole_page,Official Rolls of Monmouth hole page values.
rolls_monmouth,8,pro_tip,Club selection is critical on the two-tier green; miss left and a very tough bunker shot awaits.,https://www.therollsgolfclub.co.uk/course/the-course/page/2/,official_hole_by_hole_page,Official Rolls of Monmouth pro tip.
rolls_monmouth,9,par,4,https://www.therollsgolfclub.co.uk/course/the-course/page/2/,official_hole_by_hole_page,Official Rolls of Monmouth hole page values.
rolls_monmouth,9,yards_white,343,https://www.therollsgolfclub.co.uk/course/the-course/page/2/,official_hole_by_hole_page,Official Rolls of Monmouth hole page values.
rolls_monmouth,9,yards_yellow,308,https://www.therollsgolfclub.co.uk/course/the-course/page/2/,official_hole_by_hole_page,Official Rolls of Monmouth hole page values.
rolls_monmouth,9,si,6,https://www.therollsgolfclub.co.uk/course/the-course/page/2/,official_hole_by_hole_page,Official Rolls of Monmouth hole page values.
rolls_monmouth,9,hole_name,Rose Garden,https://www.therollsgolfclub.co.uk/course/the-course/page/2/,official_hole_by_hole_page,Official Rolls of Monmouth hole page values.
rolls_monmouth,9,pro_tip,Be careful with the approach because out of bounds is close behind the green; two putts is a good result.,https://www.therollsgolfclub.co.uk/course/the-course/page/2/,official_hole_by_hole_page,Official Rolls of Monmouth pro tip.
rolls_monmouth,10,par,4,https://www.therollsgolfclub.co.uk/course/the-course/page/2/,official_hole_by_hole_page,Official Rolls of Monmouth hole page values.
rolls_monmouth,10,yards_white,411,https://www.therollsgolfclub.co.uk/course/the-course/page/2/,official_hole_by_hole_page,Official Rolls of Monmouth hole page values.
rolls_monmouth,10,yards_yellow,340,https://www.therollsgolfclub.co.uk/course/the-course/page/2/,official_hole_by_hole_page,Official Rolls of Monmouth hole page values.
rolls_monmouth,10,si,9,https://www.therollsgolfclub.co.uk/course/the-course/page/2/,official_hole_by_hole_page,Official Rolls of Monmouth hole page values.
rolls_monmouth,10,hole_name,Ha! Ha!,https://www.therollsgolfclub.co.uk/course/the-course/page/2/,official_hole_by_hole_page,Official Rolls of Monmouth hole page values.
rolls_monmouth,10,pro_tip,Keep to the right of the fairway for the best angle in; the green is deceptively long.,https://www.therollsgolfclub.co.uk/course/the-course/page/2/,official_hole_by_hole_page,Official Rolls of Monmouth pro tip.
rolls_monmouth,11,par,4,https://www.therollsgolfclub.co.uk/course/the-course/page/2/,official_hole_by_hole_page,Official Rolls of Monmouth hole page values.
rolls_monmouth,11,yards_white,331,https://www.therollsgolfclub.co.uk/course/the-course/page/2/,official_hole_by_hole_page,Official Rolls of Monmouth hole page values.
rolls_monmouth,11,yards_yellow,304,https://www.therollsgolfclub.co.uk/course/the-course/page/2/,official_hole_by_hole_page,Official Rolls of Monmouth hole page values.
rolls_monmouth,11,si,17,https://www.therollsgolfclub.co.uk/course/the-course/page/2/,official_hole_by_hole_page,Official Rolls of Monmouth hole page values.
rolls_monmouth,11,hole_name,Panterris,https://www.therollsgolfclub.co.uk/course/the-course/page/2/,official_hole_by_hole_page,Official Rolls of Monmouth hole page values.
rolls_monmouth,11,pro_tip,"Big hitters may be tempted, but a good tee shot down the middle leaves a simple pitch.",https://www.therollsgolfclub.co.uk/course/the-course/page/2/,official_hole_by_hole_page,Official Rolls of Monmouth pro tip.
rolls_monmouth,12,par,5,https://www.therollsgolfclub.co.uk/course/the-course/page/2/,official_hole_by_hole_page,Official Rolls of Monmouth hole page values.
rolls_monmouth,12,yards_white,534,https://www.therollsgolfclub.co.uk/course/the-course/page/2/,official_hole_by_hole_page,Official Rolls of Monmouth hole page values.
rolls_monmouth,12,yards_yellow,509,https://www.therollsgolfclub.co.uk/course/the-course/page/2/,official_hole_by_hole_page,Official Rolls of Monmouth hole page values.
rolls_monmouth,12,si,3,https://www.therollsgolfclub.co.uk/course/the-course/page/2/,official_hole_by_hole_page,Official Rolls of Monmouth hole page values.
rolls_monmouth,12,hole_name,The Long Drive,https://www.therollsgolfclub.co.uk/course/the-course/page/2/,official_hole_by_hole_page,Official Rolls of Monmouth hole page values.
rolls_monmouth,12,pro_tip,Avoid the huge oak trees with the second shot and miss the bunkers either side of the green.,https://www.therollsgolfclub.co.uk/course/the-course/page/2/,official_hole_by_hole_page,Official Rolls of Monmouth pro tip.
rolls_monmouth,13,par,3,https://www.therollsgolfclub.co.uk/course/the-course/page/3/,official_hole_by_hole_page,Official Rolls of Monmouth hole page values.
rolls_monmouth,13,yards_white,190,https://www.therollsgolfclub.co.uk/course/the-course/page/3/,official_hole_by_hole_page,Official Rolls of Monmouth hole page values.
rolls_monmouth,13,yards_yellow,169,https://www.therollsgolfclub.co.uk/course/the-course/page/3/,official_hole_by_hole_page,Official Rolls of Monmouth hole page values.
rolls_monmouth,13,si,7,https://www.therollsgolfclub.co.uk/course/the-course/page/3/,official_hole_by_hole_page,Official Rolls of Monmouth hole page values.
rolls_monmouth,13,hole_name,The Lake,https://www.therollsgolfclub.co.uk/course/the-course/page/3/,official_hole_by_hole_page,Official Rolls of Monmouth hole page values.
rolls_monmouth,13,pro_tip,Try to hit the middle of the green and take two putts; missing it leaves a difficult recovery from anywhere.,https://www.therollsgolfclub.co.uk/course/the-course/page/3/,official_hole_by_hole_page,Official Rolls of Monmouth pro tip.
rolls_monmouth,14,par,4,https://www.therollsgolfclub.co.uk/course/the-course/page/3/,official_hole_by_hole_page,Official Rolls of Monmouth hole page values.
rolls_monmouth,14,yards_white,360,https://www.therollsgolfclub.co.uk/course/the-course/page/3/,official_hole_by_hole_page,Official Rolls of Monmouth hole page values.
rolls_monmouth,14,yards_yellow,349,https://www.therollsgolfclub.co.uk/course/the-course/page/3/,official_hole_by_hole_page,Official Rolls of Monmouth hole page values.
rolls_monmouth,14,si,15,https://www.therollsgolfclub.co.uk/course/the-course/page/3/,official_hole_by_hole_page,Official Rolls of Monmouth hole page values.
rolls_monmouth,14,hole_name,Bowling Green,https://www.therollsgolfclub.co.uk/course/the-course/page/3/,official_hole_by_hole_page,Official Rolls of Monmouth hole page values.
rolls_monmouth,14,pro_tip,A smart tee shot should leave roughly 130–150 yards; going too far leaves a tricky pitch to an elevated green.,https://www.therollsgolfclub.co.uk/course/the-course/page/3/,official_hole_by_hole_page,Official Rolls of Monmouth pro tip.
rolls_monmouth,15,par,4,https://www.therollsgolfclub.co.uk/course/the-course/page/3/,official_hole_by_hole_page,Official Rolls of Monmouth hole page values.
rolls_monmouth,15,yards_white,443,https://www.therollsgolfclub.co.uk/course/the-course/page/3/,official_hole_by_hole_page,Official Rolls of Monmouth hole page values.
rolls_monmouth,15,yards_yellow,407,https://www.therollsgolfclub.co.uk/course/the-course/page/3/,official_hole_by_hole_page,Official Rolls of Monmouth hole page values.
rolls_monmouth,15,si,1,https://www.therollsgolfclub.co.uk/course/the-course/page/3/,official_hole_by_hole_page,Official Rolls of Monmouth hole page values.
rolls_monmouth,15,hole_name,The Poplars,https://www.therollsgolfclub.co.uk/course/the-course/page/3/,official_hole_by_hole_page,Official Rolls of Monmouth hole page values.
rolls_monmouth,15,pro_tip,"On the approach, keep the ball below the hole because putts running down this green are extremely quick.",https://www.therollsgolfclub.co.uk/course/the-course/page/3/,official_hole_by_hole_page,Official Rolls of Monmouth pro tip.
rolls_monmouth,16,par,4,https://www.therollsgolfclub.co.uk/course/the-course/page/3/,official_hole_by_hole_page,Official Rolls of Monmouth hole page values.
rolls_monmouth,16,yards_white,385,https://www.therollsgolfclub.co.uk/course/the-course/page/3/,official_hole_by_hole_page,Official Rolls of Monmouth hole page values.
rolls_monmouth,16,yards_yellow,365,https://www.therollsgolfclub.co.uk/course/the-course/page/3/,official_hole_by_hole_page,Official Rolls of Monmouth hole page values.
rolls_monmouth,16,si,13,https://www.therollsgolfclub.co.uk/course/the-course/page/3/,official_hole_by_hole_page,Official Rolls of Monmouth hole page values.
rolls_monmouth,16,hole_name,Great Oaks,https://www.therollsgolfclub.co.uk/course/the-course/page/3/,official_hole_by_hole_page,Official Rolls of Monmouth hole page values.
rolls_monmouth,16,pro_tip,The approach shot is most important because the wrong club selection leaves a huge putt.,https://www.therollsgolfclub.co.uk/course/the-course/page/3/,official_hole_by_hole_page,Official Rolls of Monmouth pro tip.
rolls_monmouth,17,par,5,https://www.therollsgolfclub.co.uk/course/the-course/page/3/,official_hole_by_hole_page,Official Rolls of Monmouth hole page values.
rolls_monmouth,17,yards_white,556,https://www.therollsgolfclub.co.uk/course/the-course/page/3/,official_hole_by_hole_page,Official Rolls of Monmouth hole page values.
rolls_monmouth,17,yards_yellow,544,https://www.therollsgolfclub.co.uk/course/the-course/page/3/,official_hole_by_hole_page,Official Rolls of Monmouth hole page values.
rolls_monmouth,17,si,5,https://www.therollsgolfclub.co.uk/course/the-course/page/3/,official_hole_by_hole_page,Official Rolls of Monmouth hole page values.
rolls_monmouth,17,hole_name,The Park,https://www.therollsgolfclub.co.uk/course/the-course/page/3/,official_hole_by_hole_page,Official Rolls of Monmouth hole page values.
rolls_monmouth,17,pro_tip,"A testing par 5; on the approach, favour the left side and let the contours feed the ball to the green.",https://www.therollsgolfclub.co.uk/course/the-course/page/3/,official_hole_by_hole_page,Official Rolls of Monmouth pro tip.
rolls_monmouth,18,par,3,https://www.therollsgolfclub.co.uk/course/the-course/page/3/,official_hole_by_hole_page,Official Rolls of Monmouth hole page values.
rolls_monmouth,18,yards_white,224,https://www.therollsgolfclub.co.uk/course/the-course/page/3/,official_hole_by_hole_page,Official Rolls of Monmouth hole page values.
rolls_monmouth,18,yards_yellow,199,https://www.therollsgolfclub.co.uk/course/the-course/page/3/,official_hole_by_hole_page,Official Rolls of Monmouth hole page values.
rolls_monmouth,18,si,11,https://www.therollsgolfclub.co.uk/course/the-course/page/3/,official_hole_by_hole_page,Official Rolls of Monmouth hole page values.
rolls_monmouth,18,hole_name,The King,https://www.therollsgolfclub.co.uk/course/the-course/page/3/,official_hole_by_hole_page,Official Rolls of Monmouth hole page values.
rolls_monmouth,18,pro_tip,Take enough club to carry the water and avoid the large greenside bunker on this strong finishing par 3.,https://www.therollsgolfclub.co.uk/course/the-course/page/3/,official_hole_by_hole_page,Official Rolls of Monmouth pro tip.
rolls_monmouth,1,images,images/rolls_monmouth/hole_1.jpg,https://www.therollsgolfclub.co.uk/wp-content/uploads/course-planner-hole-1.jpg,official_club_asset,official hole planner image
rolls_monmouth,2,images,images/rolls_monmouth/hole_2.jpg,https://www.therollsgolfclub.co.uk/wp-content/uploads/course-planner-hole-2.jpg,official_club_asset,official hole planner image
rolls_monmouth,3,images,images/rolls_monmouth/hole_3.jpg,https://www.therollsgolfclub.co.uk/wp-content/uploads/course-planner-hole-3.jpg,official_club_asset,official hole planner image
rolls_monmouth,4,images,images/rolls_monmouth/hole_4.jpg,https://www.therollsgolfclub.co.uk/wp-content/uploads/course-planner-hole-4.jpg,official_club_asset,official hole planner image
rolls_monmouth,5,images,images/rolls_monmouth/hole_5.jpg,https://www.therollsgolfclub.co.uk/wp-content/uploads/course-planner-hole-5.jpg,official_club_asset,official hole planner image
rolls_monmouth,6,images,images/rolls_monmouth/hole_6.jpg,https://www.therollsgolfclub.co.uk/wp-content/uploads/course-planner-hole-6.jpg,official_club_asset,official hole planner image
rolls_monmouth,7,images,images/rolls_monmouth/hole_7.jpg,https://www.therollsgolfclub.co.uk/wp-content/uploads/course-planner-hole-7.jpg,official_club_asset,official hole planner image
rolls_monmouth,8,images,images/rolls_monmouth/hole_8.jpg,https://www.therollsgolfclub.co.uk/wp-content/uploads/course-planner-hole-8.jpg,official_club_asset,official hole planner image
rolls_monmouth,9,images,images/rolls_monmouth/hole_9.jpg,https://www.therollsgolfclub.co.uk/wp-content/uploads/course-planner-hole-9.jpg,official_club_asset,official hole planner image
rolls_monmouth,10,images,images/rolls_monmouth/hole_10.jpg,https://www.therollsgolfclub.co.uk/wp-content/uploads/course-planner-hole-10.jpg,official_club_asset,official hole planner image
rolls_monmouth,11,images,images/rolls_monmouth/hole_11.jpg,https://www.therollsgolfclub.co.uk/wp-content/uploads/course-planner-hole-11.jpg,official_club_asset,official hole planner image
rolls_monmouth,12,images,images/rolls_monmouth/hole_12.jpg,https://www.therollsgolfclub.co.uk/wp-content/uploads/course-planner-hole-12.jpg,official_club_asset,official hole planner image
rolls_monmouth,13,images,images/rolls_monmouth/hole_13.jpg,https://www.therollsgolfclub.co.uk/wp-content/uploads/course-planner-hole-13.jpg,official_club_asset,official hole planner image
rolls_monmouth,14,images,images/rolls_monmouth/hole_14.jpg,https://www.therollsgolfclub.co.uk/wp-content/uploads/course-planner-hole-14.jpg,official_club_asset,official hole planner image
rolls_monmouth,15,images,images/rolls_monmouth/hole_15.jpg,https://www.therollsgolfclub.co.uk/wp-content/uploads/course-planner-hole-15.jpg,official_club_asset,official hole planner image
rolls_monmouth,16,images,images/rolls_monmouth/hole_16.jpg,https://www.therollsgolfclub.co.uk/wp-content/uploads/course-planner-hole-16.jpg,official_club_asset,official hole planner image
rolls_monmouth,17,images,images/rolls_monmouth/hole_17.jpg,https://www.therollsgolfclub.co.uk/wp-content/uploads/course-planner-hole-17.jpg,official_club_asset,official hole planner image
rolls_monmouth,18,images,images/rolls_monmouth/hole_18.jpg,https://www.therollsgolfclub.co.uk/wp-content/uploads/course-planner-hole-18.jpg,official_club_asset,official hole planner image
